# _tick,_time,step,total_loss,mean_episode_return,last_100_episode_returns,max_return_achieved,pg_loss,baseline_loss,entropy_loss,learning_rate
0,1693393566.1891599,0,31.750660487583705,0.0011160714285714285,0.009999999776482582,1.0 at step 0,66.90974644252232,0.0,-35.15908595493862,0.0004
1,1693393627.236994,16288,-27.037830897739955,0.005580357142857143,0.05000000074505806,1.0 at step 16288,5.563013894217355,0.0,-32.60084533691406,0.0004
2,1693393653.966306,32544,-21.228387015206472,0.006696428571428571,0.05999999865889549,1.0 at step 32544,-2.475354330880301,0.0,-18.75303213936942,0.0004
